zooClasses,m_ROE,b_ROE
small,1.266558692,0.822261207
Cfin,1.245661035,1.216193697
Chel,1.26577966,0.877901088
