zooClasses,m_ROE,b_ROE
small,1.259937106,0.801544249
Cfin,1.240426666,1.190706467
Chel,1.261458759,0.863815505
